zip,city,county,state
05828,Danville,Caledonia,Vermont
69361,Scottsbluff,Scotts Bluff,Nebraska
07732,Highlands,Monmouth,New Jersey
92277,Twentynine Palms,San Bernardino,California
45402,Dayton,Montgomery,Ohio
60450,Morris,Grundy,Illinois
49651,Lake City,Missaukee,Michigan
60621,Chicago,Cook,Illinois
60637,Chicago,Cook,Illinois
32303,Tallahassee,Leon,Florida
98520,Aberdeen,Grays Harbor,Washington
24212,Abingdon,Washington,Virginia
70420,Abita Springs,St. Tammany,Louisiana
45693,West Union,Adams,Ohio
17325,Gettysburg,Adams,Pennsylvania
17025,Enola,Cumberland,Pennsylvania
96750,Kealakekua,Hawaii,Hawaii
08753,Toms River,Ocean,New Jersey
38120,Memphis,Shelby,Tennessee
96822,Honolulu,Honolulu,Hawaii
34604,Brooksville,Hernando,Florida
32653,Gainesville,Alachua,Florida
78209,San Antonio,Bexar,Texas
81101,Alamosa,Alamosa,Colorado
97321,Albany,Benton,Oregon
47320,Albany,Delaware,Indiana
64402,Albany,Gentry,Missouri
13607,Alexandria Bay,Jefferson,New York
56308,Alexandria,Douglas,Minnesota
71301,Alexandria,Rapides,Louisiana
54201,Algoma,Kewaunee,Wisconsin
66749,Iola,Allen,Kansas
97007,Aloha,Washington,Oregon
96101,Alturas,Modoc,California
19002,Ambler,Montgomery,Pennsylvania
50010,"Ames, IA",Story,Iowa
30534,Dawsonville,Dawson,Georgia
37115,Madison,Davidson,Tennessee
59711,Anaconda,Deer Lodge,Montana
98221,Anacortes,Skagit,Washington
29621,Anderson,Anderson,South Carolina
40342,Lawrenceburg,Anderson,Kentucky
60640,Chicago,Cook,Illinois
01810,Andover,Essex,Massachusetts
55302,Annandale,Wright,Minnesota
54409,Antigo,Langlade,Wisconsin
60002,Antioch,Lake,Illinois
54911,Appleton,Outagamie,Wisconsin
02840,Newport,Newport,Rhode Island
05250,Arlington,Bennington,Vermont
02909,Providence,Providence,Rhode Island
63010,Arnold,Jefferson,Missouri
32720,DeLand,Volusia,Florida
30904,Augusta-Richmond County consolidated government (balance),Richmond,Georgia
01721,Ashland,Middlesex,Massachusetts
97103,Astoria,Clatsop,Oregon
72401,Jonesboro,Craighead,Arkansas
66002,Atchison,Atchison,Kansas
45701,Athens,Athens,Ohio
30601,Athens,Clarke,Georgia
30606,Athens,Clarke,Georgia
83801,Athol,Kootenai,Idaho
02703,Attleboro,Bristol,Massachusetts
90039,Los Angeles,Los Angeles,California
98002,Auburn,King,Washington
13026,Aurora,Cayuga,New York
65605,Aurora,Lawrence,Missouri
78759,AUSTIN,Travis,Texas
06001,AVON,Hartford,Connecticut
80908,Colorado Springs,El Paso,Colorado
46105,bainbridge,Putnam,Indiana
54002,Baldwin,St. Croix,Wisconsin
98107,Seattle,King,Washington
29003,Bamberg,Bamberg,South Carolina
04401,Bangor,Penobscot,Maine
95633,Garden Valley,El Dorado,California
08005,Barnegat,Ocean,New Jersey
30680,Winder,Barrow,Georgia
81621,Basalt,Eagle,Colorado
68714,Bassett,Rock,Nebraska
78602,Bastrop,Bastrop,Texas
60510,Batavia,Kane,Illinois
47006,Batesville,Ripley,Indiana
49017,Battle Creek,Calhoun,Michigan
77546,Friendswood,Galveston,Texas
68310,Beatrice,Gage,Nebraska
41311,Beattyville,Lee,Kentucky
77707,"Beaumont,",Jefferson,Texas
42320,Beaver Dam,Ohio,Kentucky
50310,Des Moines,Polk,Iowa
03110,Bedford,Hillsborough,New Hampshire
07921,Bedminster,Somerset,New Jersey
21014,Bel Air,Harford,Maryland
66935,Belleville,Republic,Kansas
48111,Belleville,Wayne,Michigan
98226,Bellingham,Whatcom,Washington
14813,Belmont,Allegany,New York
64012,Belton,Cass,Missouri
56601,Bemidji,Beltrami,Minnesota
94510,Benicia,Solano,California
68317,Bennet,Lancaster,Nebraska
72712,Bentonville,Benton,Arkansas
25411,Berkeley Springs,Morgan,West Virginia
43504,Berkey,Lucas,Ohio
03901,Berwick,York,Maine
35020,Bessemer,Jefferson,Alabama
35022,Bessemer,Jefferson,Alabama
62010,Bethalto,Madison,Illinois
19930,Bethany Beach,Sussex,Delaware
20814,Bethesda,Montgomery,Maryland
18015,Bethlehem,Lehigh,Pennsylvania
90210,Beverly Hills,Los Angeles,California
43209,Bexley,Franklin,Ohio
92315,City of Big Bear Lake,San Bernardino,California
55309,Big Lake,Sherburne,Minnesota
01821,Billerica,Middlesex,Massachusetts
19508,Birdsboro,Berks,Pennsylvania
58501,Bismarck,Burleigh,North Dakota
07825,Blairstown,Warren,New Jersey
15224,Pittsburgh,Allegheny,Pennsylvania
47404,Bloomington,Monroe,Indiana
47403,Bloomington,Monroe,Indiana
45242,Blue Ash,Butler,Ohio
40509,Lexington,Fayette,Kentucky
45817,Bluffton,Allen,Ohio
46714,Bluffton,Wells,Indiana
21230,Baltimore,Baltimore City,Maryland
83702,Boise City,Ada,Idaho
41005,Burlington,Boone,Kentucky
50036,Boone,Boone,Iowa
65233,Boonville,Cooper,Missouri
24083,Daleville,Botetourt,Virginia
58318,Bottineau,Bottineau,North Dakota
59632,Boulder,Jefferson,Montana
20715,Bowie,Prince George's,Maryland
41129,Catlettsburg,Boyd,Kentucky
41102,Ashland,Boyd,Kentucky
49712,Boyne City,Charlevoix,Michigan
77096,Houston,Harris,Texas
02184,Braintree,Norfolk,Massachusetts
05301,Brattleboro,Windham,Vermont
41339,Jackson,Breathitt,Kentucky
98337,Bremerton,Kitsap,Washington
08807,Bridgewater,Somerset,New Jersey
84302,Brigham City,Box Elder,Utah
01010,Brimfield,Hampden,Massachusetts
02907,Providence,Providence,Rhode Island
22815,Broadway,Rockingham,Virginia
02301,Brockton,Plymouth,Massachusetts
43203,Columbus,Franklin,Ohio
97415,Brookings,Curry,Oregon
02446,Brookline,Norfolk,Massachusetts
64113,Kansas City,Jackson,Missouri
34614,Brooksville,Hernando,Florida
47012,BROOKVILLE,Franklin,Indiana
13905,Binghamton,Broome,New York
02906,Providence,Providence,Rhode Island
46112,Brownsburg,Hendricks,Indiana
54819,Bruce,Rusk,Wisconsin
04011,Brunswick,Cumberland,Maine
19010,Bryn Mawr,Montgomery,Pennsylvania
23664,Hampton,Hampton,Virginia
04416,Bucksport,Hancock,Maine
91502,Burbank,Los Angeles,California
22015,Burke,Fairfax,Virginia
57523,Burke,Gregory,South Dakota
05401,Burlington,Chittenden,Vermont
02830,Harrisville,Providence,Rhode Island
36037,Greenville,Butler,Alabama
59701,Butte,Silver Bow,Montana
77396,Humble,Harris,Texas
46613,South Bend,St. Joseph,Indiana
42211,"Cadiz, KY",Trigg,Kentucky
34714,Clermont,Lake,Florida
95249,San Andreas,Calaveras,California
95247,Murphys,Calaveras,California
05819,St. Johnsbury,Caledonia,Vermont
53404,Caledonia,Racine,Wisconsin
94306,Palo Alto,Santa Clara,California
20619,California,St. Mary's,Maryland
93010,Camarillo,Ventura,California
93428,Cambria,San Luis Obispo,California
95124,San Jose,Santa Clara,California
70458,Olde Towne Slidell,St. Tammany,Louisiana
95672,Cameron Park,El Dorado,California
41001,Alexandria,Campbell,Kentucky
41075,Ft. Thomas,Campbell,Kentucky
41071,Newport,Campbell,Kentucky
95008,Campbell,Santa Clara,California
01604,Worcester,Worcester,Massachusetts
43055,Newark,Licking,Ohio
14103,Medina,Orleans,New York
91303,canoga park,Los Angeles,California
48188,Canton,Wayne,Michigan
44702,Canton,Stark,Ohio
33904,Cape Coral,Lee,Florida
63703,Cape Girardeau,Cape Girardeau,Missouri
19904,Dover,Kent,Delaware
20004,DC,District of Columbia,District of Columbia
93923,Carmel,Monterey,California
98014,Carnation,King,Washington
29669,Pelzer,Anderson,South Carolina
27510,Carrboro,Orange,North Carolina
64633,Carrollton,Carroll,Missouri
89703,Carson City,Carson City,Nevada
41143,GRAYSON,Carter,Kentucky
41164,Olive Hill,Carter,Kentucky
02330,Carver,Plymouth,Massachusetts
02874,Saunderstown,Washington,Rhode Island
28602,Hickory,Catawba,North Carolina
24070,Catawba,Roanoke,Virginia
30124,CAVE SPRING,Floyd,Georgia
97229,Portland,Washington,Oregon
28584,Cedar Point,Carteret,North Carolina
45822,Celina,Mercer,Ohio
75009,Celina,Collin,Texas
90011,Los Angeles,Los Angeles,California
02863,Central Falls,Providence,Rhode Island
98383,Silverdale,Kitsap,Washington
92262,Palm Springs,Riverside,California
93730,Fresno,Fresno,California
93720,Fresno,Fresno,California
83226,Challis,Custer,Idaho
05486,South Hero,Grand Isle,Vermont
05458,Grand Isle,Grand Isle,Vermont
25414,Charles Town,Jefferson,West Virginia
72933,Charleston,Franklin,Arkansas
02813,Charlestown,Washington,Rhode Island
28217,Charlotte,Mecklenburg,North Carolina
02633,Chatham,Barnstable,Massachusetts
05038,Chelsea,Orange,Vermont
23832,Chesterfield,Chesterfield,Virginia
19118,Philadelphia,Philadelphia,Pennsylvania
95927,Chico,Butte,California
95926,Chico,Butte,California
95969,Paradise,Butte,California
24319,Chilhowie,Smyth,Virginia
28023,China Grove,Rowan,North Carolina
54729,Chippewa Falls,Chippewa,Wisconsin
30134,Douglasville,Douglas,Georgia
23824,Blackstone,Nottoway,Virginia
34481,Ocala,Marion,Florida
29501,Florence,Florence,South Carolina
96813,Honolulu,Honolulu,Hawaii
92104,San Diego,San Diego,California
36830,Auburn,Lee,Alabama
80537,Loveland,Larimer,Colorado
01247,North Adams,Berkshire,Massachusetts
15210,Pittsburgh,Allegheny,Pennsylvania
55447,Plymouth,Hennepin,Minnesota
44131,Seven Hills,Cuyahoga,Ohio
48080,"St. Clair Shores, Mi",Macomb,Michigan
55110,White Bear Lake,Ramsey,Minnesota
06515,New Haven,New Haven,Connecticut
06513,New Haven,New Haven,Connecticut
06511,New Haven,New Haven,Connecticut
91711,Claremont,Los Angeles,California
03743,Claremont,Sullivan,New Hampshire
14031,Clarence,Erie,New York
99403,Clarkston,Asotin,Washington
67432,Clay Center,Clay,Kansas
76033,Cleburne,Johnson,Texas
27012,Clemmons,Forsyth,North Carolina
20008,Washington,District of Columbia,District of Columbia
12065,Clifton Park,Saratoga,New York
13323,Clinton,Oneida,New York
43214,Columbus,Franklin,Ohio
36311,Ariton,Barbour,Alabama
21244,Woodlawn,Baltimore,Maryland
18508,Scranton,Lackawanna,Pennsylvania
02852,North Kingstown,Washington,Rhode Island
94019,Half Moon Bay,San Mateo,California
94044,Pacifica,San Mateo,California
99324,College Place,Walla Walla,Washington
06019,Collinsville,Hartford,Connecticut
80919,Colorado Springs,El Paso,Colorado
80903,Colorado Springs,El Paso,Colorado
38401,Columbia,Maury,Tennessee
65203,Columbia,Boone,Missouri
95310,Columbia,Tuolumne,California
68601,Columbus,Platte,Nebraska
66725,Columbus,Cherokee,Kansas
95932,Colusa,Colusa,California
76240,Collinsville,Cooke,Texas
97214,Portland,Multnomah,Oregon
38619,Como,Panola,Mississippi
06103,Hartford,Hartford,Connecticut
29526,Conway,Horry,South Carolina
72032,Conway,Faulkner,Arkansas
97420,Coos Bay,Coos,Oregon
52241,Coralville,Johnson,Iowa
97113,Cornelius,Washington,Oregon
78401,Corpus Christi,Nueces,Texas
81321,Cortez,Montezuma,Colorado
97330,Corvallis,Benton,Oregon
94931,cotati,Sonoma,California
66044,Lawrence,Douglas,Kansas
30117,Carrollton,Carroll,Georgia
54812,Barron,Barron,Wisconsin
44302,Akron,Summit,Ohio
44264,Peninsula,Summit,Ohio
44308,Akron,Summit,Ohio
44333,Akron,Summit,Ohio
06238,Coventry,Tolland,Connecticut
41011,Covington,Kenton,Kentucky
69130,Cozad,Dawson,Nebraska
70105,Wellington,Park,Wyoming
47933,Crawfordsville,Montgomery,Indiana
90008,Los Angeles,Los Angeles,California
70118,New Orleans,Orleans,Louisiana
70116,New Orleans,Orleans,Louisiana
43420,Fremont,Sandusky,Ohio
72396,Wynne,Cross,Arkansas
20912,Takoma Park,Montgomery,Maryland
60014,Crystal Lake,McHenry,Illinois
90232,Culver City,Los Angeles,California
46511,Culver,Marshall,Indiana
42717,Burkesville,Cumberland,Kentucky
46229,Cumberland,Marion,Indiana
44222,Cuyahoga Falls,Summit,Ohio
71742,Fordyce,Dallas,Arkansas
06810,Danbury,Fairfield,Connecticut
53530,Darlington,Lafayette,Wisconsin
52804,Davenport,Scott,Iowa
68632,David City,Butler,Nebraska
56232,Dawson,Lac qui Parle,Minnesota
84009,South Jordan,Salt Lake,Utah
63020,DeSoto,Jefferson,Missouri
48124,Dearborn,Wayne,Michigan
30030,Decatur,DeKalb,Georgia
52101,Decorah,Winneshiek,Iowa
53532,DeForest,Dane,Wisconsin
60115,DeKalb,DeKalb,Illinois
93940,Monterey,Monterey,California
67213,Wichita,Sedgwick,Kansas
70528,Delcambre,Iberia,Louisiana
12054,Delmar,Albany,New York
33444,Delray Beach,Palm Beach,Florida
98106,Seattle,King,Washington
76201,Denton,Denton,Texas
98198,Des Moines,King,Washington
48130,Dexter,Washtenaw,Michigan
19148,Philadelphia,Philadelphia,Pennsylvania
47018,Dillsboro,Dearborn,Indiana
17019,Dillsburg,York,Pennsylvania
48821,Dimondale,Eaton,Michigan
31023,Eastman,Dodge,Georgia
53533,Dodgeville,Iowa,Wisconsin
81324,Dove Creek,Dolores,Colorado
83615,donnelly,Valley,Idaho
02122,Dorchester,Suffolk,Massachusetts
23231,Henrico,Henrico,Virginia
53118,Dousman,Waukesha,Wisconsin
03820,Dover,Rockingham,New Hampshire
10011,New York,New York,New York
11366,Queens,Queens,New York
10538,Larchmont,Westchester,New York
10543,Mamaroneck,Westchester,New York
11222,Brooklyn,Kings,New York
10026,Manhattan,New York,New York
10804,New Rochelle,Westchester,New York
10562,Ossining,Westchester,New York
11215,Park Slope,Kings,New York
11355,Queens,Queens,New York
10580,Rye,Westchester,New York
19335,Downingtown,Chester,Pennsylvania
32615,Alachua,Alachua,Florida
48101,Allen Park,Wayne,Michigan
53511,Beloit,Rock,Wisconsin
94704,Berkeley,Alameda,California
61701,Bloomington,McLean,Illinois
75103,Canton,Van Zandt,Texas
95928,Chico,Butte,California
75020,Denison,Grayson,Texas
60120,Elgin,Kane,Illinois
60201,Evanston,Cook,Illinois
47708,"Evansville,IN",Vanderburgh,Indiana
42071,Murray,Calloway,Kentucky
29720,Lancaster,Lancaster,South Carolina
42071-0002,Murray,Calloway,Kentucky
34950,Fort Pierce,St. Lucie,Florida
54935,Fond du Lac,Fond du Lac,Wisconsin
54301,"Green Bay, WI",Brown,Wisconsin
47025,Lawrenceburg,Dearborn,Indiana
45801,Lima,Allen,Ohio
39110,Madison,Madison,Mississippi
49855,Marquette,Marquette,Michigan
72112,Newport,Jackson,Arkansas
94947,Novato,Marin,California
94301,Palo Alto,Santa Clara,California
85004,Phoenix,Maricopa,Arizona
72756,ROGERS,Benton,Arkansas
98901,Yakima,Yakima,Washington
38225,Dresden,Weakley,Tennessee
21217,Baltimore,Baltimore City,Maryland
94568,Dublin,Alameda,California
52001,Dubuque,Dubuque,Iowa
55802,Duluth,St. Louis,Minnesota
81301,Durango,La Plata,Colorado
27701,Durham,Durham,North Carolina
98019,Duvall,King,Washington
89406,Fallon,Churchill,Nevada
68347,eagle,Cass,Nebraska
77346,Humble,Harris,Texas
30316,Atlanta,Fulton,Georgia
02128,East Boston,Suffolk,Massachusetts
77003,Houston,Harris,Texas
12061,East Greenbush,Rensselaer,New York
90028,Los Angeles,Los Angeles,California
000TN,Nashville,Davidson,Tennessee
07018,East Orange,Essex,New Jersey
94303,East Palo Alto,San Mateo,California
30344,East Point,Fulton,Georgia
14901,Elmira,Chemung,New York
98683,Vancouver,Clark,Washington
14221,Buffalo,Erie,New York
01027,Easthampton,Hampshire,Massachusetts
18042,Easton,Northampton,Pennsylvania
37915,Knoxville,Knox,Tennessee
02917,Smithfield,Providence,Rhode Island
90026,Los Angeles,Los Angeles,California
27932,Edenton,Chowan,North Carolina
98020,Edmonds,Snohomish,Washington
54209,Egg Harbor,Door,Wisconsin
92021,El cajon,San Diego,California
95762,El Dorado Hills,El Dorado,California
91731,El Monte,Los Angeles,California
50627,Eldora,Hardin,Iowa
78621,Elgin,Bastrop,Texas
46516,Elkhart,Elkhart,Indiana
06029,Ellington,Tolland,Connecticut
41171,Sandy Hook,Elliott,Kentucky
02465,West Newton,Middlesex,Massachusetts
18049,Emmaus,Lehigh,Pennsylvania
49630,Empire,Leelanau,Michigan
64801,Joplin,Newton,Missouri
91406,Van Nuys,Los Angeles,California
28715,Candler,Buncombe,North Carolina
75119,Ennis,Ellis,Texas
98022,Enumclaw,King,Washington
87532,Espanola,Rio Arriba,New Mexico
97023,Estacada,Clackamas,Oregon
96027,Etna,Siskiyou,California
72632,Eureka Springs,Carroll,Arkansas
49631,Evart,Osceola,Michigan
96706,Ewa Beach,Honolulu,Hawaii
05777,Fair Haven,Rutland,Vermont
94930,Fairfax,Marin,California
22030,Fairfax,Fairfax,Virginia
74343,Fairland,Ottawa,Oklahoma
99218,Spokane,Spokane,Washington
68522,Lincoln,Lancaster,Nebraska
57101,Sioux Falls,Minnehaha,South Dakota
46278,Indianapolis,Marion,Indiana
83605,Caldwell,Canyon,Idaho
12206,Albany,Albany,New York
88001,Las Cruces,Dona Ana,New Mexico
75234,Farmers Branch,Dallas,Texas
99669,Soldotna,Kenai Peninsula,Alaska
47932,Covington,Fountain,Indiana
60540,Naperville,DuPage,Illinois
40069,Springfield,Washington,Kentucky
46140,Greenfield,Hancock,Indiana
85252,Scottsdale,Maricopa,Arizona
29910,Bluffton,Beaufort,South Carolina
72736,Gravette,Benton,Arkansas
47250,Madison,Jefferson,Indiana
65804,Springfield,Greene,Missouri
84401,Ogden,Weber,Utah
77494,Katy,Harris,Texas
42743,Greensburg,Green,Kentucky
42728,Columbia,Adair,Kentucky
77459,Missorui City,Fort Bend,Texas
17013,Carlisle,Cumberland,Pennsylvania
43952,Steubenville,Jefferson,Ohio
96727,Kamuela,Hawaii,Hawaii
43160,Washington Court House,Fayette,Ohio
47331,Connersville,Fayette,Indiana
27312,Fearrington Village,Chatham,North Carolina
95018,Felton,Santa Cruz,California
63135,Ferguson,St. Louis,Missouri
72223,Little Rock,Pulaski,Arkansas
89408,Fernley,Lyon,Nevada
94111,San Francisco,San Francisco,California
12043,Cobleskill,Schoharie,New York
45231,Cincinnati,Hamilton,Ohio
44882,Sycamore,Wyandot,Ohio
70501,Lafayette,Lafayette,Louisiana
67230,Wichita,Sedgwick,Kansas
54212,Fish Creek,Door,Wisconsin
02882,Narragansett,Washington,Rhode Island
41041,Flemingsburg,Fleming,Kentucky
41653,Prestonsburg,Floyd,Kentucky
47119,floyds knobs,Floyd,Indiana
53206,Milwaukee,Milwaukee,Wisconsin
82601,Casper,Natrona,Wyoming
24551,Forest,Bedford,Virginia
97116,Forest Grove,Washington,Oregon
15221,Wilkinsburg,Allegheny,Pennsylvania
22911,Charlottesville,Albemarle,Virginia
72901,Fort Smith,Sebastian,Arkansas
88119,Fort Sumner,De Baca,New Mexico
60020,Fox Lake,Lake,Illinois
48734,Frankenmuth,Saginaw,Michigan
40601,Frankfort,Franklin,Kentucky
46131,Franklin,Johnson,Indiana
42134,Franklin,Simpson,Kentucky
47710,Evansville,Vanderburgh,Indiana
46044,Frankton,Madison,Indiana
30307,Atlanta,Fulton,Georgia
52801,Davenport,Scott,Iowa
78130,New Braunfels,Bexar,Texas
94509,Antioch,Contra Costa,California
20009,Washington,District of Columbia,District of Columbia
46802,FORT WAYNE,Allen,Indiana
77406,Fulshear,Fort Bend,Texas
46975,Rochester,Fulton,Indiana
10038,New York,New York,New York
49503,Grand Rapids,Kent,Michigan
27526,Fuquay-Varina,Wake,North Carolina
66739,Galena,Cherokee,Kansas
37066,Gallatin,Sumner,Tennessee
92503,Riverside,Riverside,California
67846,Garden City,Finney,Kansas
66030,Gardner,Johnson,Kansas
46225,Indianapolis,Marion,Indiana
60612,Chicago,Cook,Illinois
40444,Lancaster,Garrard,Kentucky
46933,Gas City,Grant,Indiana
71854,Texarkana,Miller,Arkansas
29440,Georgetown,Georgetown,South Carolina
77091,Houston,Houston,Texas
77020,Houston,Houston,Texas
77045,Houston,Houston,Texas
77011,Houston,Houston,Texas
77016,Houston,Houston,Texas
77074,Houston,Houston,Texas
77051,Houston,Houston,Texas
85234,Gilbert,Maricopa,Arizona
03237,Gilmanton,Belknap,New Hampshire
64118,Gladstone,Clay,Missouri
49636,Glen Arbor,Leelanau,Michigan
35905,GLENCOE,Etowah,Alabama
12801,Glens Falls,Warren,New York
60626,Chicago,Cook,Illinois
02818,Warwick,Kent,Rhode Island
75218,Dallas,Dallas,Texas
55027,Goodhue,Goodhue,Minnesota
83330,Gooding,Gooding,Idaho
19128,Philadelphia,Philadelphia,Pennsylvania
10924,Goshen,Orange,New York
72160,Stuttgart,Arkansas,Arkansas
55744,Grand Rapids,Itasca,Minnesota
24015,Roanoke,Roanoke City,Virginia
30315,Atlanta,Fulton,Georgia
10031,New York,New York,New York
01376,Turners Falls,Franklin,Massachusetts
15417,Brownsville,Washington,Pennsylvania
13601,Watertown,Jefferson,New York
80631,Greeley,Weld,Colorado
60614,Chicago,Cook,Illinois
60607,Chicago,Cook,Illinois
30309,Atlanta,Fulton,Georgia
56484,Walker,Cass,Minnesota
20770,Greenbelt,Prince George's,Maryland
22968,Ruckersville,Greene,Virginia
70053,Gretna,Jefferson,Louisiana
50112,Grinnell,Poweshiek,Iowa
96766,Lihue,Kauai,Hawaii
70802,baton rouge,East Baton Rouge,Louisiana
30815,Hephzibah,Richmond,Georgia
52052,Guttenberg,Clayton,Iowa
96701,Aiea,Honolulu,Hawaii
24558,Halifax,Halifax,Virginia
07302,Jersey City,Hudson,New Jersey
45011,Hamilton,Butler,Ohio
28310,Fayetteville,Cumberland,North Carolina
04444,Hampden,Penobscot,Maine
23505,Norfolk,Norfolk,Virginia
50441,Hampton,Franklin,Iowa
96713,Hana,Maui,Hawaii
96714,Hanalei,Kauai,Hawaii
45840,Findlay,Hancock,Ohio
17331,Hanover,York,Pennsylvania
44304,Akron,Summit,Ohio
44310,Akron,Summit,Ohio
46809,Fort Wayne,Allen,Indiana
76548,Harker Heights,Bell,Texas
78550,Harlingen,Cameron,Texas
48625,Harrison,Clare,Michigan
42765,Munfordville,Hart,Kentucky
57033,Hartford,Minnehaha,South Dakota
44240,Kent,Portage,Ohio
46163,New Palestine,Hancock,Indiana
43054,New Albany,Franklin,Ohio
22473,Heathsville,Northumberland,Virginia
84032,Heber City,Wasatch,Utah
90046,West Hollywood,Los Angeles,California
28739,Hendersonville,Henderson,North Carolina
56136,Hendricks,Lincoln,Minnesota
69001,McCook,Red Willow,Nebraska
40741,London,Laurel,Kentucky
91739,Rancho Cucamonga,San Bernardino,California
85938,Springerville,Apache,Arizona
38632,Hernando,DeSoto,Mississippi
20170,Herndon,Fairfax,Virginia
84096,Herriman,Salt Lake,Utah
37043,Clarksville,Montgomery,Tennessee
92395,Victorville,San Bernardino,California
27262,High Point,Guilford,North Carolina
32643,High Springs,Alachua,Florida
24465,Monterey,Highland,Virginia
80129,Highlands Ranch,Douglas,Colorado
50563,Manson,Calhoun,Iowa
63050,Hillsboro,Jefferson,Missouri
97124,Hillsboro,Washington,Oregon
97219,Portland,Multnomah,Oregon
31313,Hinesville,Liberty,Georgia
02043,Hingham,Plymouth,Massachusetts
60521,Hinsdale,DuPage,Illinois
71901,Hot Springs,Garland,Arkansas
48446,Lapeer,Lapeer,Michigan
47901,Lafayette,Tippecanoe,Indiana
19958,Lewes,Sussex,Delaware
28752,Marion,McDowell,North Carolina
47630,Newburgh,Warrick,Indiana
64040,Holden,Johnson,Missouri
16648,Hollidaysburg,Blair,Pennsylvania
48442,Holly,Oakland,Michigan
27540,Holly Springs,Wake,North Carolina
20653,Lexington Park,St. Mary's,Maryland
99603,Homer,Kenai Peninsula,Alaska
60430,Homewood,Cook,Illinois
97067,Welches,Clackamas,Oregon
02885,Warren,Bristol,Rhode Island
55343,Hopkins,Hennepin,Minnesota
42240,HOPKINSVILLE,Christian,Kentucky
01748,Hopkinton,Middlesex,Massachusetts
57747,Hot Springs,Fall River,South Dakota
29303,Spartanburg,Spartanburg,South Carolina
12534,Hudson,Columbia,New York
23236,Richmond,Chesterfield,Virginia
23235,Richmond,Chesterfield,Virginia
62901,Carbondale,Jackson,Illinois
08822,Flemington,Hunterdon,New Jersey
16652,Huntingdon,Huntingdon,Pennsylvania
60142,Huntley,McHenry,Illinois
78634,Hutto,Williamson,Texas
75693,Clarksville City,Gregg,Texas
20781,Hyattsville,Prince George's,Maryland
45208,Cincinnati,Hamilton,Ohio
51445,Ida Grove,Ida,Iowa
83402,Idaho Falls,Bonneville,Idaho
48444,Imlay City,Lapeer,Michigan
42064,Marion,Crittenden,Kentucky
50644,Independence,Buchanan,Iowa
64050,Independence,Jackson,Missouri
12842,INDIAN LAKE,Hamilton,New York
15701,Indiana,Indiana,Pennsylvania
48846,Ionia,Ionia,Michigan
50126,Iowa Falls,Hardin,Iowa
11212,"Brooklyn, NY",Kings,New York
98027,Issaquah,King,Washington
48847,Ithaca,Gratiot,Michigan
56142,Ivanhoe,Lincoln,Minnesota
82633,Douglas,Converse,Wyoming
63755,Jackson,Cape Girardeau,Missouri
54615,Black River Falls,Jackson,Wisconsin
40447,Mckee,Jackson,Kentucky
40486,Tyner,Jackson,Kentucky
28779,Sylva,Jackson,North Carolina
53037,Jackson,Washington,Wisconsin
53545,Janesville,Rock,Wisconsin
30143,Jasper,Pickens,Georgia
19107,Philadelphia,Philadelphia,Pennsylvania
40299,Jeffersontown,Jefferson,Kentucky
41240,Paintsville,Johnson,Kentucky
92252,Joshua Tree,San Bernardino,California
99801,Juneau,Juneau,Alaska
96734,Kailua,Honolulu,Hawaii
49001,Kalamazoo,Kalamazoo,Michigan
96819,Honolulu,Honolulu,Hawaii
96788,Kaneohe,Honolulu,Hawaii
96707,Kapolei,Honolulu,Hawaii
76248,Keller,Tarrant,Texas
53140,Kenosha,Kenosha,Wisconsin
20895,Kensington,Montgomery,Maryland
49512,Kentwood,Kent,Michigan
29020,Camden,Kershaw,South Carolina
27021,King,Stokes,North Carolina
22485,King George,King George,Virginia
12402,Kingston,Ulster,New York
22315,Alexandrida,Fairfax,Virginia
77339,Kingwood,Harris,Texas
63501,Kirksville,Adair,Missouri
87417,Kirtland,San Juan,New Mexico
03904,Kittery,York,Maine
63537,Edina,Knox,Missouri
40906,Barbourville,Knox,Kentucky
33928,Estero,Lee,Florida
19348,Kennett Square,Chester,Pennsylvania
00979,Carolina,Carolina,Puerto Rico
90035,Los Angele,Los Angeles,California
10460,Bronx,Bronx,New York
10457,Bronx,Bronx,New York
40031,La Grange,Oldham,Kentucky
20646,La Plata,Charles,Maryland
06883,Weston,Fairfield,Connecticut
71845,Lewisville,Lafayette,Arkansas
60010,Lake Barrington,Lake,Illinois
97034,Lake Oswego,Clackamas,Oregon
12946,Lake Placid,Essex,New York
56401,Brainerd,Crow Wing,Minnesota
56425,Baxter,Crow Wing,Minnesota
23228,henrico,Henrico,Virginia
44107,Lakewood,Cuyahoga,Ohio
14750,Lakewood,Chautauqua,New York
50140,Lamoni,Decatur,Iowa
61046,Lanark,Carroll,Illinois
43130,Lancaster,Fairfield,Ohio
82801,Sheridan,Sheridan,Wyoming
97401,Eugene,Lane,Oregon
19446,Lansdale,Montgomery,Pennsylvania
80521,Fort Collins,Larimer,Colorado
83871,"Troy, ID",Latah,Idaho
35803,Huntsville,Madison,Alabama
39440,Laurel,Jones,Mississippi
49064,Lawrence,Van Buren,Michigan
15201,Pittsburgh,Allegheny,Pennsylvania
62920,Cobden,Union,Illinois
46052,Lebanon,Boone,Indiana
06249,Lebanon,New London,Connecticut
78259,San Antonio,Bexar,Texas
33138,Miami,Miami-Dade,Florida
49654,Leland,Leelanau,Michigan
66219,Lenexa,Johnson,Kansas
02804,Kinston,Lenoir,North Carolina
45211,Cincinnati,Hamilton,Ohio
13367,Lowville,Lewis,New York
55952,Lewiston,Winona,Minnesota
04240,Lewiston,Androscoggin,Maine
02421,Lexington,Middlesex,Massachusetts
02420,LEXINGTON,Middlesex,Massachusetts
84105,Salt Lake City,Salt Lake,Utah
15658,Ligonier,Westmoreland,Pennsylvania
30047,Lilburn,Gwinnett,Georgia
89008,Caliente,Lincoln,Nevada
90031,Los Angeles,Los Angeles,California
48146,Lincoln Park,Wayne,Michigan
92111,San Diego,San Diego,California
47441,Linton,Greene,Indiana
06759,Litchfield,Litchfield,Connecticut
65746,Seymour,Wright,Missouri
16502,Erie,Erie,Pennsylvania
92101,San Diego,San Diego,California
71822,Ashdown,Little River,Arkansas
29566,Little River,Horry,South Carolina
59047,Livingston,Park,Montana
48150,Livonia,Wayne,Michigan
24522,Appomattox,Appomattox,Virginia
42276,Russellville,Logan,Kentucky
22079,Lorton,Fairfax,Virginia
87107,Los Ranchos,Bernalillo,New Mexico
63353,Louisiana,Pike,Missouri
45140,Loveland,Clermont,Ohio
60657,Chicago,Cook,Illinois
49331,Lowell,Kent,Michigan
97885,Wallowa,Wallowa,Oregon
50311,Des Moines,Polk,Iowa
49431,LUDINGTON,Mason,Michigan
20135,Bluemont,Loudoun,Virginia
20165,Sterling,Loudoun,Virginia
20175,Leesburg,Loudoun,Virginia
20147,Ashburn,Loudoun,Virginia
24504,Lynchburg,Lynchburg,Virginia
98264,Lynden,Whatcom,Washington
30126,Mableton,Cobb,Georgia
50273,Winterset,Madison,Iowa
56256,Madison,Lac qui Parle,Minnesota
07940,Madison,Morris,New Jersey
97741,Madras,Jefferson,Oregon
98122,Seattle,King,Washington
53717,Madison,Dane,Wisconsin
32435,DeFuniak Springs,Walton,Florida
38024,Dyersburg,Dyer,Tennessee
15301,Washington,Washington,Pennsylvania
95667,Placerville,El Dorado,California
66720,Chanute,Neosho,Kansas
18431,Honesdale,Wayne,Pennsylvania
37130,Murfreesboro,Rutherford,Tennessee
44281,Wadsworth,Medina,Ohio
60048,Liberytville,Lake,Illinois
06040,Manchester,Hartford,Connecticut
59741,Manhattan,Gallatin,Montana
49660,Manistee,Manistee,Michigan
49854,Manistique,Schoolcraft,Michigan
96826,Honolulu,Honolulu,Hawaii
76063,Mansfield,Tarrant,Texas
98831,Manson,Chelan,Washington
97131,Nehalem,Tillamook,Oregon
98038,Maple Valley,King,Washington
30060,MARIETTA,Cobb,Georgia
54143,Marinette,Marinette,Wisconsin
52302,Marion,Linn,Iowa
43302,Marion,Marion,Ohio
60462,Orland Park,Cook,Illinois
29577,Myrtle Beach,Horry,South Carolina
36602,Mobile,Mobile,Alabama
54901,Oshkosh,Winnebago,Wisconsin
36606,Mobile,Mobile,Alabama
33132,Miami,Miami-Dade,Florida
46404,Gary,Lake,Indiana
47715,Evansville,Vanderburgh,Indiana
54303,Green Bay,Brown,Wisconsin
43213,Whitehall,Franklin,Ohio
71351,Marksville,Avoyelles,Louisiana
48453,Marlette,Sanilac,Michigan
42025,Benton,Marshall,Kentucky
02050,Marshfield,Plymouth,Massachusetts
27892,Williamston,Martin,North Carolina
62062,Maryville,Madison,Illinois
37801,Maryville,Blount,Tennessee
41056,Maysville,Mason,Kentucky
48854,Mason,Ingham,Michigan
02126,Mattapan,Suffolk,Massachusetts
46619,South Bend,St. Joseph,Indiana
29662,Mauldin,Greenville,South Carolina
53948,mauston,Juneau,Wisconsin
42647,Stearns,McCreary,Kentucky
22306,Alexandria,Fairfax,Virginia
95519,McKinleyville,Humboldt,California
22101,McLean,Fairfax,Virginia
40108,Brandenburg,Meade,Kentucky
02155,Medford,Middlesex,Massachusetts
19063,Media,Delaware,Pennsylvania
57752,Kyle,Shannon,South Dakota
44256,medina,Medina,Ohio
45769,Pomeroy,Meigs,Ohio
38103,Memphis,Shelby,Tennessee
40322,Frenchburg,Menifee,Kentucky
94025,Menlo Park,San Mateo,California
49858,Menominee,Menominee,Michigan
08109,Merchantville,Camden,New Jersey
83642,Meridian,Ada,Idaho
08840,METUCHEN,Middlesex,New Jersey
46970,Peru,Miami,Indiana
38655,Oxford,Lafayette,Mississippi
05753,Middlebury,Addison,Vermont
40243,Middletown,Jefferson,Kentucky
21769,Middletown,Frederick,Maryland
48640,Midland,Midland,Michigan
63130,University City,St. Louis,Missouri
06460,Milford,New Haven,Connecticut
96789,Mililani,Honolulu,Hawaii
20855,Rockville,Montgomery,Maryland
20850,Rockville,Montgomery,Maryland
55401,Minneapolis,Hennepin,Minnesota
30442,Millen,Jenkins,Georgia
19968,Milton,Sussex,Delaware
53215,Milwaukee,Milwaukee,Wisconsin
75773,Mineola,Wood,Texas
47303,Muncie,Delaware,Indiana
81645,Minturn,Eagle,Colorado
66202,Mission,Johnson,Kansas
78214,San Antonio,Bexar,Texas
90059,Los Angeles,Los Angeles,California
66604,Topeka,Shawnee,Kansas
48162,Monroe,Monroe,Michigan
53566,Monroe,Green,Wisconsin
97215,Portland,Multnomah,Oregon
94611,Oakland,Alameda,California
35115,MONTEVALLO,Shelby,Alabama
40353,Mt. Sterling,Montgomery,Kentucky
31064,Monticello,Jasper,Georgia
14865,Montour Falls,Schuyler,New York
81401,Montrose,Montrose,Colorado
66203,Shawnee,Johnson,Kansas
97202,Portland,Multnomah,Oregon
43756,McConnelsville,Morgan,Ohio
46151,Martinsville,Morgan,Indiana
46158,Mooresville,Morgan,Indiana
28655,Morganton,Burke,North Carolina
30306,Atlanta,Fulton,Georgia
07960,Morristown,Morris,New Jersey
93442,Morro Bay,San Luis Obispo,California
83843,Moscow,Latah,Idaho
54455,City,Marathon,Wisconsin
61053,Mount Carroll,Carroll,Illinois
02809,Bristol,Bristol,Rhode Island
29464,Mount Pleasant,Charleston,South Carolina
20010,Washington,District of Columbia,District of Columbia
21550,Oakland,Garrett,Maryland
19119,Philadelphia,Philadelphia,Pennsylvania
48858,Mount Pleasant,Isabella,Michigan
40047,Mt.Washington,Bullitt,Kentucky
31201,Macon,Bibb,Georgia
99504,Anchorage,Anchorage,Alaska
49862,Munising,Alger,Michigan
15668,Murrysville,Westmoreland,Pennsylvania
99645,Palmer,Matanuska-Susitna,Alaska
21773,Myersville,Frederick,Maryland
94559,Napa,Napa,California
12764,Narrowsburg,Sullivan,New York
27804,Rocky Mount,Nash,North Carolina
01760,Natick,Middlesex,Massachusetts
60423,Frankfort,Will,Illinois
80466,Nederland,Boulder,Colorado
02492,Needham,Norfolk,Massachusetts
64850,Downtown Neosho,Newton,Missouri
07857,Netcong,Morris,New Jersey
48047,New Baltimore,Macomb,Michigan
02745,New Bedford,Bristol,Massachusetts
02740,New Bedford,Bristol,Massachusetts
02744,New Bedford,Bristol,Massachusetts
49446,New Era,Oceana,Michigan
53574,New Glarus,Green,Wisconsin
47631,New Harmony,Posey,Indiana
37918,Knoxville,Knox,Tennessee
06510,New Haven,New Haven,Connecticut
23116,Mechanicsville,Hanover,Virginia
70127,New Orleans,Orleans,Louisiana
12550,Newburgh,Orange,New York
82701,Newcastle,Weston,Wyoming
03875,Newmarket,Rockingham,New Hampshire
92663,Newport Beach,Orange,California
40356,Nicholasville,Jessamine,Kentucky
06058,Norfolk,Litchfield,Connecticut
94702,Berkeley,Alameda,California
55056,North Branch,Chisago,Minnesota
44720,North Canton,Stark,Ohio
12843,North Creek,Warren,New York
44903,Mansfield,Richland,Ohio
50401,Mason City,Cerro Gordo,Iowa
43215,Columbus,Franklin,Ohio
29582,North Myrtle Beach,Horry,South Carolina
58701,Minot,Ward,North Dakota
17201,Chambersburg,Franklin,Pennsylvania
20622,Charlotte Hall,St. Mary's,Maryland
18067,Northampton,Northampton,Pennsylvania
60062,Northbrook,Cook,Illinois
55413,Minneapolis,Hennepin,Minnesota
99114,Colville,Stevens,Washington
49670,Northport,Leelanau,Michigan
91324,northridge,Los Angeles,California
45223,Cincinnati,Hamilton,Ohio
53704,Madison,Dane,Wisconsin
48167,Northville,Wayne,Michigan
13815,Norwich,Chenango,New York
22180,Vienna,Fairfax,Virginia
07110,Nutley,Essex,New Jersey
53154,Oak Creek,Milwaukee,Wisconsin
44286,RICHFIELD,Summit,Ohio
22124,Oakton,Fairfax,Virginia
02135,Brighton,Suffolk,Massachusetts
20743,Capitol Heights,Prince George's,Maryland
34471,Ocala,Marion,Florida
92107,San Diego,San Diego,California
08226,Ocean City,Cape May,New Jersey
21811,Berlin,Worcester,Maryland
43906,Bellaire,Belmont,Ohio
43950,St. Clairsville,Belmont,Ohio
97239,Portland,Multnomah,Oregon
62701,Springfield,Sangamon,Illinois
90042,Los Angeles,Los Angeles,California
94609,Oakland,Alameda,California
28516,Beaufort,Carteret,North Carolina
43147,Pickerington,Fairfield,Ohio
98501,Olympia,Thurston,Washington
68106,Omaha,Douglas,Nebraska
68102,Omaha,Douglas,Nebraska
63107,St Louis,St. Louis City,Missouri
54155,Oneida,Outagamie,Wisconsin
28540,Jacksonville,Onslow,North Carolina
06477,Orange,New Haven,Connecticut
92866,Orange,Orange,California
32073,Orange Park,Clay,Florida
97045,Oregon City,Clackamas,Oregon
95340,Merced,Merced,California
94563,Orinda,Contra Costa,California
32174,Ormond Beach,Volusia,Florida
83544,Orofino,Clearwater,Idaho
60543,Oswego,Kendall,Illinois
66524,Overbrook,Osage,Kansas
14521,Ovid,Seneca,New York
47460,Spencer,Owen,Indiana
27565,Oxford,Granville,North Carolina
45056,Oxford,Butler,Ohio
93030,Oxnard,Ventura,California
97135,Pacific City,Tillamook,Oregon
42001,Paducah,McCracken,Kentucky
89048,Pahrump,Nye,Nevada
95076,Watsonville,Santa Cruz,California
10964,Palisades,Rockland,New York
00791,Humacao,Humacao,Puerto Rico
78224,San Antonio,Bexar,Texas
60463,Palos Heights,Cook,Illinois
90274,Rolling Hills Estates,Los Angeles,California
66071,Paola,Miami,Kansas
72450,"Paragould, AR",Greene,Arkansas
73103,Oklahoma City,Oklahoma,Oklahoma
17262,Spring Run,Franklin,Pennsylvania
12564,Pawling,Dutchess,New York
02860,Pawtucket,Providence,Rhode Island
02905,Cranston,Providence,Rhode Island
83661,Payette,Payette,Idaho
85541,Payson,Gila,Arizona
43452,Port Clinton,Ottawa,Ohio
95370,Sonora,Tuolumne,California
77515,Angleton,Brazoria,Texas
05862,Peacham,Caledonia,Vermont
78669,Spicewood,Blanco,Texas
41040,Falmouth,Pendleton,Kentucky
46064,Pendleton,Madison,Indiana
08534,Pennington,Mercer,New Jersey
72126,Perryville,Perry,Arkansas
66073,Perry,Jefferson,Kansas
94952,Petaluma,Sonoma,California
01366,Petersham,Worcester,Massachusetts
27040,Pfafftown,Forsyth,North Carolina
78660,Pflugerville,Travis,Texas
92371,Phelan,San Bernardino,California
12565,Village of Philmont,Columbia,New York
40206,Louisville,Jefferson,Kentucky
27235,Colfax,Guilford,North Carolina
20852,North Potomac,Montgomery,Maryland
46254,Indianapolis,Marion,Indiana
41501,Pikeville,Pike,Kentucky
55063,Pine City,Pine,Minnesota
33156,Pinecrest,Miami-Dade,Florida
11207,Brooklyn,Kings,New York
66762,Pittsburg,Crawford,Kansas
74501,McAlester,Pittsburg,Oklahoma
48108,Ann Arbor,Washtenaw,Michigan
48739,Hale,Iosco,Michigan
49080,Plainwell,Allegan,Michigan
81624,Collbran,Mesa,Colorado
53818,Platteville,Grant,Wisconsin
90094,Playa Vista,Los Angeles,California
26170,St. Marys,Pleasants,West Virginia
10570,Pleasantville,Westchester,New York
46563,Plymouth,Marshall,Indiana
12140,Poestenkill,Rensselaer,New York
96792,Waianae,Honolulu,Hawaii
61764,Pontiac,Livingston,Illinois
10573,Port Chester,Westchester,New York
48469,Port Sanilac,Sanilac,Michigan
98368,PORT TOWNSEND,Jefferson,Washington
97217,Portland,Multnomah,Oregon
97211,Portland,Multnomah,Oregon
97266,Portland,Multnomah,Oregon
97201,Portland,Multnomah,Oregon
97205,Portland,Multnomah,Oregon
03801,Portsmouth,Rockingham,New Hampshire
53590,Sun Prairie,Dane,Wisconsin
43119,Galloway,Franklin,Ohio
86301,Prescott,Yavapai,Arizona
19127,Philadelphia,Philadelphia,Pennsylvania
84501,Price,Carbon,Utah
23875,Prince George,Prince George,Virginia
40059,Prospect,Oldham,Kentucky
87001,San Felipe Pueblo,Sandoval,New Mexico
99163,Pullman,Whitman,Washington
20132,Purcellville,Loudoun,Virginia
25526,Hurricane,Putnam,West Virginia
98371,Puyallup,Pierce,Washington
61201,Rock Island,Rock Island,Illinois
74363,Quapaw,Ottawa,Oklahoma
98109,Seattle,King,Washington
95971,Quincy,Plumas,California
62301,QUINCY,Adams,Illinois
87102,Albuquerque,Bernalillo,New Mexico
36278,Wedowee,Randolph,Alabama
72455,Pocahontas,Randolph,Arkansas
40913,Beverly,Clay,Kentucky
59068,Red Lodge,Carbon,Montana
51566,Red Oak,Montgomery,Iowa
70806,Baton Rouge,East Baton Rouge,Louisiana
70801,Baton Rouge,East Baton Rouge,Louisiana
70808,Baton Rouge,East Baton Rouge,Louisiana
33033,Homestead,Miami-Dade,Florida
92373,Redlands,San Bernardino,California
53959,Reedsburg,Sauk,Wisconsin
27320,Reidsville,Rockingham,North Carolina
21136,Reisterstown,Baltimore,Maryland
47978,Rensselaer,Jasper,Indiana
20190,Reston,Fairfax,Virginia
83440,Rexburg,Madison,Idaho
47374,Richmond,Wayne,Indiana
53582,Ridgeway,Iowa,Wisconsin
29115,Orangeburg,Orangeburg,South Carolina
29042,Denmark,Bamberg,South Carolina
03461,Rindge,Cheshire,New Hampshire
19103,Philadelphia,Philadelphia,Pennsylvania
23803,Petersburg,Petersburg,Virginia
59034,Hardin,Big Horn,Montana
20737,Riverdale Park,Prince George's,Maryland
28401,Wilmington,New Hanover,North Carolina
32204,Jacksonville,Duval,Florida
46208,indianapolis,Marion,Indiana
60546,Riverside,Cook,Illinois
70062,Kenner,Jefferson,Louisiana
07307,Jersey City,Hudson,New Jersey
19963,Milford,Sussex,Delaware
46783,Roanoke,Huntington,Indiana
51247,Rock Valley,Sioux,Iowa
61104,Rockford,Winnebago,Illinois
30153,Rockmart,Polk,Georgia
97220,Portland,Multnomah,Oregon
24151,Rocky Mount,Franklin,Virginia
59422,Choteau,Teton,Montana
55374,Rogers,Hennepin,Minnesota
65741,Rogersville,Webster,Missouri
97520,Ashland,Jackson,Oregon
97501,Medford,Jackson,Oregon
94928,Rohnert Park,Sonoma,California
60008,Rolling Meadows,Cook,Illinois
59864,Ronan,Lake,Montana
11575,Roosevelt,Nassau,New York
28216,Charlotte,Mecklenburg,North Carolina
75701,Tyler,Smith,Texas
02131,Roslindale,Suffolk,Massachusetts
15229,Pittsburgh,Allegheny,Pennsylvania
78665,Round Rock,Williamson,Texas
93436,LOMPOC,Santa Barbara,California
96797,Waipahu,Honolulu,Hawaii
22546,Ruther Glen,Caroline,Virginia
92382,Running Springs,San Bernardino,California
54848,Ladysmith,Rusk,Wisconsin
72801,Russellville,Pope,Arkansas
95446,Guerneville,Sonoma,California
46979,Russiaville,Howard,Indiana
71270,Ruston,Lincoln,Louisiana
22920,Afton,Nelson,Virginia
43206,Columbus,Franklin,Ohio
43072,Saint Paris,Champaign,Ohio
14779,Salamanca,Cattaraugus,New York
24153,Salem,Roanoke,Virginia
01970,Salem,Essex,Massachusetts
03079,Salem,Rockingham,New Hampshire
93901,Salinas,Monterey,California
48176,Saline,Washtenaw,Michigan
01952,Salisbury,Essex,Massachusetts
98686,Vancouver,Clark,Washington
46825,Fort Wayne,Allen,Indiana
96818,Honolulu,Honolulu,Hawaii
78227,San Antonio,Bexar,Texas
94110,San Francisco,San Francisco,California
04073,Sanford,York,Maine
95050,Santa Clara,Santa Clara,California
95403,Santa Rosa,Sonoma,California
95404,Santa Rosa,Sonoma,California
32571,Pace,Santa Rosa,Florida
49684,Traverse City,Grand Traverse,Michigan
71601,Pine Bluff,Jefferson,Arkansas
12983,Saranac Lake,Franklin,New York
95435,Finley,Lake,California
12477,Saugerties,Ulster,New York
02066,Scituate,Plymouth,Massachusetts
02857,North Scituate,Providence,Rhode Island
07076,Scotch Plains,Union,New Jersey
06264,Scotland,Windham,Connecticut
40324,Georgetown,Scott,Kentucky
14546,Scottsville,Monroe,New York
43232,Columbus,Franklin,Ohio
03833,Exeter,Rockingham,New Hampshire
03869,Rollinsford,Strafford,New Hampshire
77474,Sealy,Austin,Texas
72650,Marshall,Searcy,Arkansas
97138,Seaside,Clatsop,Oregon
27981,Wanchese,Dare,North Carolina
65301,"Sedalia, MO",Pettis,Missouri
27101,Winston-Salem,Forsyth,North Carolina
13148,Seneca Falls,Seneca,New York
71832,De Queen,Sevier,Arkansas
68434,Seward,Seward,Nebraska
28470,Shallotte,Brunswick,North Carolina
54166,Shawano,Shawano,Wisconsin
51537,Harlan,Shelby,Iowa
46176,SHELBYVILLE,Shelby,Indiana
40165,Shepherdsville,Bullitt,Kentucky
45415,Dayton,Montgomery,Ohio
98133,Shoreline,King,Washington
53211,Shorewood,Milwaukee,Wisconsin
71101,Shreveport,Caddo,Louisiana
72761,Siloam Springs,Benton,Arkansas
88061,Silver City,Grant,New Mexico
83837,Kellogg,Shoshone,Idaho
93093,Simi Valley,Ventura,California
51101,Sioux City,Woodbury,Iowa
99835,Sitka,Sitka,Alaska
88030,Deming,Luna,New Mexico
16057,Slippery Rock,Butler,Pennsylvania
93401,San Luis Obispo,San Luis Obispo,California
37030,Carthage,Smith,Tennessee
93060,Santa paula,Ventura,California
92626,Costa Mesa,Orange,California
14551,sodus,Wayne,New York
42102,Bowling Green,Warren,Kentucky
92075,Solana Beach,San Diego,California
15501,Somerset,Somerset,Pennsylvania
02144,Somerville,Middlesex,Massachusetts
02145,Somerville,Middlesex,Massachusetts
32208,Jacksonville,Duval,Florida
94703,Berkeley,Alameda,California
34114,Naples,Collier,Florida
37375,Sewanee,Franklin,Tennessee
49506,Grand Rapids,Kent,Michigan
28203,Charlotte,Mecklenburg,North Carolina
78628,Georgetown,Williamson,Texas
23970,South Hill,Mecklenburg,Virginia
02879,Wakefield,Washington,Rhode Island
96150,South Lake Tahoe,El Dorado,California
48178,South Lyon,Oakland,Michigan
33143,Miami,Miami-Dade,Florida
53172,South Milwaukee,Milwaukee,Wisconsin
07079,SOUTH ORANGE,Essex,New Jersey
18505,Scranton,Lackawanna,Pennsylvania
64504,St. Joseph,Buchanan,Missouri
06074,South Windsor,Hartford,Connecticut
14760,Olean,Cattaraugus,New York
53177,sturtevant,Racine,Wisconsin
80123,Littleton,Jefferson,Colorado
24343,Hillsville,Carroll,Virginia
48228,Detroit,Wayne,Michigan
81089,Walsenburg,Huerfano,Colorado
89431,Sparks,Washoe,Nevada
46224,Speedway,Marion,Indiana
22407,Fredericksburg,Spotsylvania,Virginia
22170,Fredericksburg,Spotsylvania,Virginia
72764,Springdale,Washington,Arkansas
38606,Batesville,Panola,Mississippi
46373,St. John,Lake,Indiana
97203,Portland,Multnomah,Oregon
48880,St. Louis,Gratiot,Michigan
83861,St. Maries,Benewah,Idaho
40207,Louisville,Jefferson,Kentucky
21663,St. Michaels,Talbot,Maryland
55044,Lakeville,Dakota,Minnesota
33701,St Petersburg,Pinellas,Florida
85718,Tucson,Pima,Arizona
06076,Stafford Springs,Tolland,Connecticut
28001,Albemarle,Stanly,North Carolina
97383,Stayton,Marion,Oregon
01102,Springfield,Hampden,Massachusetts
17257,Shippensburg,Cumberland,Pennsylvania
65565,Steelville,Crawford,Missouri
44224,Stow,Summit,Ohio
05672,Stowe,Lamoille,Vermont
23434,Suffolk,Suffolk,Virginia
44311,Akron,Summit,Ohio
29153,Sumter,Sumter,South Carolina
80547,Timnath,Larimer,Colorado
88063,sunland park,Dona Ana,New Mexico
94086,Sunnyvale,Santa Clara,California
85173,Superior,Pinal,Arizona
29575,Surfside Beach,Horry,South Carolina
33991,Cape Coral,Lee,Florida
96104,Cedarville,Modoc,California
54942,Greenville,Winnebago,Wisconsin
78701,Austin,Travis,Texas
78745,Austin,Travis,Texas
49682,Suttons Bay,Leelanau,Michigan
30024,Suwanee,Gwinnett,Georgia
19081,Swarthmore,Delaware,Pennsylvania
33634,Tampa,Hillsborough,Florida
96145,Tahoe City,Nevada,California
89511,RENO,Washoe,Nevada
87571,Taos,Taos,New Mexico
40071,Taylorsville,Spencer,Kentucky
29601,Greenville,Greenville,South Carolina
03452,Jaffrey,Cheshire,New Hampshire
81435,Telluride,San Miguel,Colorado
94618,Oakland,Alameda,California
33617,Temple Terrace,Hillsborough,Florida
98589,Tenino,Thurston,Washington
49426,Hudsonville,Ottawa,Michigan
47803,Terre Haute,Vigo,Indiana
78613,Cedar Park,Williamson,Texas
78723,"Austin, TX",Travis,Texas
49009,Kalamazoo,Kalamazoo,Michigan
28723,Cullowhee,Jackson,North Carolina
29150,Sumter,Sumter,South Carolina
04064,Old Orchard Beach,York,Maine
93534,LANCASTER,Los Angeles,California
37040,Clarksville,Montgomery,Tennessee
27403,Greensboro,Guilford,North Carolina
12518,cornwall n.y.,Orange,New York
81130,Creede,Mineral,Colorado
40245,Louisville/Jefferson County metro government (balance),Jefferson,Kentucky
45014,Fairfield,Butler,Ohio
88042,Hillsboro,Sierra,New Mexico
01852,Lowell,Middlesex,Massachusetts
20742,College Park,Prince George's,Maryland
06371,Lyme,New London,Connecticut
07820,Allamuchy,Warren,New Jersey
19147,Philadelphia,Philadelphia,Pennsylvania
30337,College Park,Fulton,Georgia
30303,Atlanta,Fulton,Georgia
30311,Atlanta,Fulton,Georgia
24011,Roanoke,Roanoke City,Virginia
33785,Indian Shores,Pinellas,Florida
26452,Weston,Lewis,West Virginia
62656,Lincoln,Logan,Illinois
07853,Long Valley,Morris,New Jersey
24521,Amherst,Amherst,Virginia
54941,Green Lake,Green Lake,Wisconsin
46204,Indianapolis,Marion,Indiana
99833,"Petersburg, AK",Wrangell-Petersburg,Alaska
35242,Birmingham,Shelby,Alabama
17327,Glen Rock,York,Pennsylvania
06468,Monroe,Fairfield,Connecticut
01364,Orange,Franklin,Massachusetts
80023,Westminster,Adams,Colorado
97030,Gresham,Multnomah,Oregon
94954,Petaluma,Sonoma,California
95476,Boyes Hot Springs,Sonoma,California
56081,St.james,Watonwan,Minnesota
61036,Galena,Jo Daviess,Illinois
07424,Little Falls,Passaic,New Jersey
89509,Reno,Washoe,Nevada
05148,Londonderry,Windham,Vermont
28403,Wilmington,New Hanover,North Carolina
95695,Woodland,Yolo,California
56701,Thief River Falls,Pennington,Minnesota
94903,San Rafael,Marin,California
16354,Titusville,Crawford,Pennsylvania
02878,"Tiverton, RI",Newport,Rhode Island
72770,"Tontitown, AR",Washington,Arkansas
82240,Torrington,Goshen,Wyoming
53213,Wauwatosa,Milwaukee,Wisconsin
36276,Wadley,Randolph,Alabama
05359,West Townshend,Windham,Vermont
29690,Travelers Rest,Greenville,South Carolina
15801,DuBois,Clearfield,Pennsylvania
44113,Cleveland,Cuyahoga,Ohio
59874,Trout Creek,Sanders,Montana
12180,Troy,Rensselaer,New York
35759,Meridianville,Madison,Alabama
95453,Lakeport,Lake,California
38804,Tupelo,Lee,Mississippi
35401,Tuscaloosa,Tuscaloosa,Alabama
59754,Twin Bridges,Madison,Montana
61081,Sterling IL,Whiteside,Illinois
54241,Two Rivers,Manitowoc,Wisconsin
29379,Union,Union,South Carolina
30512,Blairsville,Union,Georgia
37807,Maynardville,Union,Tennessee
04862,Union,Knox,Maine
02143,Somerville,Middlesex,Massachusetts
32608,Gainesville,Alachua,Florida
19104,Philadelphia,Philadelphia,Pennsylvania
43221,Upper Arlington,Franklin,Ohio
27858,Greenville,Pitt,North Carolina
29646,Greenwood,Greenwood,South Carolina
43081,Westerville,Franklin,Ohio
77027,Houston,Harris,Texas
52345,Urbana,Benton,Iowa
21704,Frederick,Frederick,Maryland
20250,Washington,District of Columbia,District of Columbia
13501,Utica,Oneida,New York
27536,Henderson,Vance,North Carolina
34109,Naples,Collier,Florida
98070,Vashon,King,Washington
57069,Vermillion,Clay,South Dakota
05701,RUTLAND,Rutland,Vermont
64772,Nevada,Vernon,Missouri
60061,Vernon Hills,Lake,Illinois
24482,Verona,Augusta,Virginia
49097,Vicksburg,Kalamazoo,Michigan
77901,Victoria,Victoria,Texas
44105,Cleveland,Cuyahoga,Ohio
49042,Constantine,St. Joseph,Michigan
60439,Lemont,Cook,Illinois
60077,Skokie,Cook,Illinois
47591,Vincennes,Knox,Indiana
62269,O'Fallon,St. Clair,Illinois
93704,Fresno,Fresno,California
33129,Miami,Miami-Dade,Florida
06384,Voluntown,New London,Connecticut
12186,Voorheesville,Albany,New York
55981,Wabasha,Wabasha,Minnesota
76701,Waco,McLennan,Texas
74467,Wagoner,Wagoner,Oklahoma
96786,Wahiawa,Honolulu,Hawaii
68066,Wahoo,Saunders,Nebraska
96782,Pearl City,Honolulu,Hawaii
96767,Waipahu,Honolulu,Hawaii
96795,Waimanalo,Honolulu,Hawaii
22003,Annandale,Fairfax,Virginia
98103,Seattle,King,Washington
94596,Walnut Creek,Contra Costa,California
52501,Ottumwa,Wapello,Iowa
77880,Washington,Washington,Texas
98335,Gig Harbor,Pierce,Washington
13165,Waterloo,Seneca,New York
06795,Watertown,Litchfield,Connecticut
58854,Watford City,McKenzie,North Dakota
52172,Waukon,Allamakee,Iowa
31503,Waycross,Ware,Georgia
49348,Wayland,Allegan,Michigan
01778,Wayland,Middlesex,Massachusetts
84775,Torrey,Wayne,Utah
48202,Detroit,Wayne,Michigan
22980,Waynesboro,Waynesboro,Virginia
15370,Waynesburg,Fulton,Pennsylvania
02914,East Providence,Providence,Rhode Island
64870,Webb City,Jasper,Missouri
26288,Webster Springs,Webster,West Virginia
14580,Webster,Monroe,New York
83672,Weiser,Washington,Idaho
51555,Missouri Valley,Harrison,Iowa
02667,Wellfleet,Barnstable,Massachusetts
90016,Los Angeles,Los Angeles,California
71355,Moreauville,Avoyelles,Louisiana
24016,Roanoke,Roanoke City,Virginia
06516,West Haven,New Haven,Connecticut
90025,Los Angeles,Los Angeles,California
47906,West Lafayette,Tippecanoe,Indiana
07052,West Orange,Essex,New Jersey
65775,West Plains,Wright,Missouri
10928,Village of Highland Falls,Orange,New York
60622,Chicago,Cook,Illinois
02893,West Warwick,Kent,Rhode Island
85382,Peoria,Maricopa,Arizona
77042,Houston,Harris,Texas
81252,Westcliffe,Custer,Colorado
02891,Westerly,Washington,Rhode Island
25962,Rainelle,Greenbrier,West Virginia
01085,Westfield,Hampden,Massachusetts
43204,Columbus,Franklin,Ohio
48185,Westland,Wayne,Michigan
01473,Westminster,Worcester,Massachusetts
40241,Louisville,Jefferson,Kentucky
53705,Madison,Dane,Wisconsin
48933,Lansing,Ingham,Michigan
95060,Santa Cruz,Santa Cruz,California
90024,Los Angeles,Los Angeles,California
02190,Weymouth,Norfolk,Massachusetts
37188,White House,Sumner,Tennessee
85929,Pinetop-Lakeside,Navajo,Arizona
38116,Memphis,Shelby,Tennessee
40771,Corbin,Whitley,Kentucky
40769,Williamsburg,Whitley,Kentucky
55408,Minneapolis,Hennepin,Minnesota
78228,San Antonio,Bexar,Texas
78217,San Antonio,Bexar,Texas
78220,San Antonio,Bexar,Texas
78237,San Antonio,Bexar,Texas
79407,Lubbock,Lubbock,Texas
28659,North Wilkesboro,Wilkes,North Carolina
23185,Williamsburg,Williamsburg,Virginia
25661,Williamson,Mingo,West Virginia
95125,San Jose,Santa Clara,California
01890,Winchester,Middlesex,Massachusetts
47394,Winchester,Randolph,Indiana
35811,Huntsville,Madison,Alabama
86325,CORNV,Yavapai,Arizona
75494,Winnsboro,Wood,Texas
37830,Oak Ridge,Anderson,Tennessee
54495,Wisconsin Rapids,Wood,Wisconsin
24293,Wise,Wise,Virginia
28806,Asheville,Buncombe,North Carolina
41301,Campton,Wolfe,Kentucky
03894,Wolfeboro,Carroll,New Hampshire
79382,Wolfforth,Lubbock,Texas
40347,Midway,Woodford,Kentucky
40383,VERSAILLES,Woodford,Kentucky
12498,Woodstock,Ulster,New York
30188,Woodstock,Cherokee,Georgia
60098,Woodstock,McHenry,Illinois
73801,Woodward,Woodward,Oklahoma
02895,Woonsocket,Providence,Rhode Island
18940,Wrightstown (use Newtown for GPS),Bucks,Pennsylvania
24368,Wytheville,Wythe,Virginia
19067,Yardley borough,Bucks,Pennsylvania
14527,Penn Yan,Yates,New York
33021,Hollywood,Broward,Florida
47396,Yorktown,Delaware,Indiana
77024,Houston,Harris,Texas
77044,Houston,Harris,Texas
77443,Cypress,Harris,Texas
48197,Ypsilanti,Washtenaw,Michigan
96097,Yreka,Siskiyou,California
92399,Yucaipa,San Bernardino,California
27597,Zebulon,Wake,North Carolina
16063,Zelienople,Butler,Pennsylvania
